"BrowseList_medicine__bz_e7","BrowseList_medicine__bz_e7 href"
"D RISE 60K SACHET OF 1GM GRANULES",""
"D RISE 2000IU STRIP OF 10 SOFTGEL CAPSULES",""
"D RISE 60K STRIP OF 4 SOFTGEL CAPSULES",""
"D3 MUST 60K ORANGE FLAVOUR SUGAR FREE STRIP OF 4 CHEWABLE TABLETS",""
"Dabiclot 150mg Strip Of 10 Capsules",""
"Dabiclot 110mg Strip Of 10 Capsules",""
"DABIGAT 110MG STRIP OF 10 CAPSULES",""
"Dabigo 110mg Strip Of 10 Capsules",""
"DABIGZA 110MG STRIP OF 10 CAPSULES",""
"Dabigo 150mg Strip Of 10 Capsules",""
"Dabistar 110mg Strip Of 10 Capsules",""
"DABISTAR 150MG STRIP OF 10 CAPSULES",""
"DAFLON 1000MG STRIP OF 10 TABLETS",""
"Daflon 500mg Strip Of 10 Tablets",""
"DALSTEP 10MG STRIP OF 10 TABLETS",""
"DARGEN 40MCG PRE FILLED SYRINGE OF 0.40ML INJECTION",""
"DARITEN OD 7.5MG STRIP OF 10 TABLETS",""
"DAZTOR 10MG STRIP OF 10 TABLETS",""
"Defcort 6mg Strip Of 10 Tablets",""
"DEFRIJET 500MG STRIP OF 10 TABLETS",""
"DEMELAN TUBE OF 20GM CREAM",""
"DEPLATT CV 20MG STRIP OF 10 CAPSULES",""
"DEPLATT CV 10MG STRIP OF 10 CAPSULES",""
"Deplatt 75mg Strip Of 15 Tablets",""
"DEPLATT A 150MG STRIP OF 15 TABLETS",""
"DEPLATT A 75MG STRIP OF 15 TABLETS",""
"DERIVA CMS TUBE OF 15GM GEL",""
"DESIROX 500MG BOTTLE OF 30 TABLETS",""
"DEXORANGE ORANGE FLAVOUR BOTTLE OF 200ML SYRUP",""
"Dexorange Bottle Of 30 Capsules",""
"DFRAG STRIP OF 10 TABLETS (RED)",""
"DIAMICRON XR MEX 60/500MG STRIP OF 14 TABLETS",""
"Diamicron Mr 30mg Strip Of 10 Tablets",""
"DIAMICRON XR 60MG STRIP OF 14 TABLETS",""
"DIAPRIDE M 1MG STRIP OF 15 TABLETS",""
"DIAPRIDE M 2MG STRIP OF 15 TABLETS",""
"DIAPRIDE M2 FORTE STRIP OF 30 TABLETS",""
"DIAVIT PLUS STRIP OF 10 SOFTGEL CAPSULES",""
"DICALIS STRIP OF 10 TABLETS",""
"DICORATE ER 500MG STRIP OF 10 TABLETS",""
"DILNIP 10MG STRIP OF 10 TABLETS",""
"DILZEM CD 90MG STRIP OF 10 CAPSULES",""
"DILZEM 30MG STRIP OF 15 TABLETS",""
"DILZEM CD 120MG STRIP OF 10 CAPSULES",""
"DILZEM SR 90MG STRIP OF 15 TABLETS",""
"Dinogest 2mg Strip Of 10 Tablets",""
"Distinon 60mg Strip Of 10 Tablets",""
"DIVAA OD 500MG STRIP OF 10 TABLETS",""
"DOCOWIZE VEG BOTTLE OF 100ML SUSPENSION",""
"DOLO 650MG STRIP OF 15 TABLETS",""
"Dompan Strip Of 10 Tablets",""
"DORTAS T BOTTLE OF 5ML EYE DROPS",""
"DORZOX BOTTLE OF 5ML EYE DROPS",""
"DORZOX T BOTTLE OF 5ML EYE DROPS",""
"Doxinate Strip Of 30 Tablets",""
"DRONIS 30 STRIP OF 21 TABLETS",""
"DUOLIN 20/50MCG BOX OF 200MD METERED DOSE INHALER",""
"DUOLIN BOX OF 30 ROTACAPS",""
"DUOLIN 3 500MCG 3ML PACKET OF 5 RESPULES",""
"DUONASE 70MD BOTTLE OF 7GM NASAL SPRAY",""
"DUOVIR N BOTTLE OF 30 TABLETS",""
"Dupact 40mg Strip Of 10 Capsules",""
"DUPHASTON 10MG STRIP OF 10 TABLETS",""
"DUPHALAC LEMON FLAVOUR BOTTLE OF 450ML SOLUTION",""
"DUPHALAC LEMON FLAVOUR BOTTLE OF 250ML SOLUTION",""
"Dutas 0.5mg Strip Of 30 Capsules",""
"DUTAS T PLUS STRIP OF 15 CAPSULES",""
"DV 60K STRIP OF 4 CAPSULES",""
"DYDROBOON STRIP OF 10 TABLETS",""
"DYFIRA 240MG BOTTLE OF 60 CAPSULES",""
"Dynaglipt M Strip Of 10 Tablets",""
"Dynaglipt Strip Of 10 Tablets",""
"Dynaglipt M Forte Strip Of 10 Tablets",""
"Dytor Plus 10mg Strip Of 15 Tablets",""
"Dytor 5mg Strip Of 15 Tablets",""
"Dytor 20mg Strip Of 15 Tablets",""
"DYTOR 100MG STRIP OF 10 TABLETS",""
"Dytor 10mg Strip Of 15 Tablets",""
"DYTOR 40MG STRIP OF 10 TABLETS",""
"DYTOR PLUS 5MG STRIP OF 15 TABLETS",""
"D 10 TUBE OF 15GM GEL",""
"D 10 (INFUTEC) 500 ML",""
"D 10% Iv 500ml",""
"D 2 Classy 375mg Tab",""
"D 2 Classy 625mg Tab",""
"D 2 CLASSY DRY SYRUP 30ML",""
"D 25 Iv 100ml",""
"D 3 10000iu Spray 6ml",""
"D 3 Fit Tab 4'S",""
"D 360 SACHET OF 1GM GRANULES",""
"D 360 STRIP OF 4 SOFTGEL CAPSULES",""
"D 360 BOTTLE OF 30ML SYRUP",""
"D 360 400 Iu Drops 30 Ml",""
"D 5 (INFUTEC) 500 ML",""
"D 500CAL STRIP OF 10 TABLETS",""
"D 8 Our 0.25mg Tab",""
"D 8 Our 0.5mg Tab",""
"D ACNE 1% TUBE OF 10GM GEL",""
"D ACNE I 10MG STRIP OF 10 CAPSULES",""
"D ACNE I 20MG STRIP OF 10 CAPSULES",""
